{
  "shooter_cluster_-1": {
    "chi2": 17.229502989287326,
    "p_value": 0.0006339355416480364,
    "observed": [
      [
        20.0,
        208.0
      ],
      [
        10.0,
        166.0
      ],
      [
        21.0,
        112.0
      ],
      [
        37.0,
        173.0
      ]
    ],
    "outlets": [
      "cnn",
      "fox",
      "nyt",
      "wsj"
    ],
    "expected": [
      [
        26.859437751004016,
        201.140562248996
      ],
      [
        20.733601070950467,
        155.26639892904953
      ],
      [
        15.668005354752342,
        117.33199464524766
      ],
      [
        24.73895582329317,
        185.26104417670683
      ]
    ]
  },
  "shooter_cluster_0": {
    "chi2": 19.97014717046864,
    "p_value": 0.0001721777131384399,
    "observed": [
      [
        208.0,
        20.0
      ],
      [
        163.0,
        13.0
      ],
      [
        107.0,
        26.0
      ],
      [
        170.0,
        40.0
      ]
    ],
    "outlets": [
      "cnn",
      "fox",
      "nyt",
      "wsj"
    ],
    "expected": [
      [
        197.78313253012047,
        30.216867469879517
      ],
      [
        152.67469879518072,
        23.325301204819276
      ],
      [
        115.37349397590361,
        17.626506024096386
      ],
      [
        182.16867469879517,
        27.83132530120482
      ]
    ]
  },
  "shooter_cluster_3": {
    "chi2": 7.823364585552952,
    "p_value": 0.04980682548616882,
    "observed": [
      [
        0.0,
        228.0
      ],
      [
        0.0,
        176.0
      ],
      [
        3.0,
        130.0
      ],
      [
        3.0,
        207.0
      ]
    ],
    "outlets": [
      "cnn",
      "fox",
      "nyt",
      "wsj"
    ],
    "expected": [
      [
        1.8313253012048192,
        226.16867469879517
      ],
      [
        1.4136546184738956,
        174.58634538152612
      ],
      [
        1.0682730923694779,
        131.93172690763052
      ],
      [
        1.6867469879518073,
        208.3132530120482
      ]
    ]
  },
  "victim_cluster_-1": {
    "chi2": 3.9989912401934897,
    "p_value": 0.26157307838787536,
    "observed": [
      [
        25.0,
        222.0
      ],
      [
        25.0,
        190.0
      ],
      [
        37.0,
        220.0
      ],
      [
        32.0,
        171.0
      ]
    ],
    "outlets": [
      "cnn",
      "fox",
      "nyt",
      "wsj"
    ],
    "expected": [
      [
        31.879609544468547,
        215.12039045553146
      ],
      [
        27.74945770065076,
        187.25054229934923
      ],
      [
        33.170281995661604,
        223.8297180043384
      ],
      [
        26.20065075921909,
        176.7993492407809
      ]
    ]
  },
  "victim_cluster_0": {
    "chi2": 5.609957965468498,
    "p_value": 0.1322078493788214,
    "observed": [
      [
        220.0,
        27.0
      ],
      [
        187.0,
        28.0
      ],
      [
        212.0,
        45.0
      ],
      [
        169.0,
        34.0
      ]
    ],
    "outlets": [
      "cnn",
      "fox",
      "nyt",
      "wsj"
    ],
    "expected": [
      [
        211.10195227765726,
        35.89804772234273
      ],
      [
        183.7527114967462,
        31.247288503253795
      ],
      [
        219.64859002169197,
        37.35140997830803
      ],
      [
        173.49674620390456,
        29.503253796095446
      ]
    ]
  },
  "victim_cluster_3": {
    "chi2": 6.070746556897847,
    "p_value": 0.10821852609004975,
    "observed": [
      [
        0.0,
        247.0
      ],
      [
        1.0,
        214.0
      ],
      [
        5.0,
        252.0
      ],
      [
        2.0,
        201.0
      ]
    ],
    "outlets": [
      "cnn",
      "fox",
      "nyt",
      "wsj"
    ],
    "expected": [
      [
        2.1431670281995663,
        244.85683297180043
      ],
      [
        1.8655097613882863,
        213.1344902386117
      ],
      [
        2.229934924078091,
        254.7700650759219
      ],
      [
        1.7613882863340564,
        201.23861171366593
      ]
    ]
  }
}